{"fullscreen":true,"width":240,"height":240,"scale":2,"startScene":"main","version":"0.5.0","clearColor":[0.3215686274509804,0.7333333333333333,0.047058823529411764,1]}